{"posicion":{"x":23.650848388671876,"y":-2.0099945068359377,"z":-20.498645782470704},"ruido":60.0}